Post Number,Shortcode,Day,Month,Year,Day of Upload,Hour,Likes,Comments,Hashtags,Is Video,Video Duration,Sponsored
4,DFmUxXhTNxZ,03,02,2025,Monday,05,7225,91,[],True,17.133,False
5,DFkhIRHTNej,02,02,2025,Sunday,12,21521,159,[],True,55.5,False
6,DFhYlT8xY9C,01,02,2025,Saturday,07,38196,131,[],True,46.23,False
7,DFcHbWwT6Q0,30,01,2025,Thursday,06,57057,148,[],True,44.333,False
8,DFSTDLszpkv,26,01,2025,Sunday,10,55193,138,[],True,26.539,False
9,DFRvmXNRQ0I,26,01,2025,Sunday,05,126884,489,[],True,11.966,False
10,DFRcOZqzvc-,26,01,2025,Sunday,02,40968,210,[],True,49.1,False
11,DFPO9qFxX2x,25,01,2025,Saturday,06,35484,108,[],False,,False
12,DFJyEHWzItA,23,01,2025,Thursday,03,41303,479,[],True,28.49,False
13,DFH7ftyzW2B,22,01,2025,Wednesday,10,47665,282,[],True,15.277,False
14,DFCIQwczp3B,20,01,2025,Monday,04,67062,488,[],True,32.437,False
15,DE9yYZgT52y,18,01,2025,Saturday,11,7617,36,[],True,50.9,False
16,DE65ZuCx378,17,01,2025,Friday,08,31567,139,[],True,83.265,False
17,DE1O8fYzAV9,15,01,2025,Wednesday,03,27295,232,[],True,19.466,False
18,DEwSM2Xt2wX,13,01,2025,Monday,05,140089,716,[],True,33.066,False
19,DEt5luLxolY,12,01,2025,Sunday,07,239840,330,[],True,21.592,False
20,DErErA1Rnx2,11,01,2025,Saturday,05,27313,532,[],True,44.768,False
21,DEdEC83zejg,05,01,2025,Sunday,18,19086,457,[],True,25.169,False
22,DEWlQ7gRsQd,03,01,2025,Friday,06,48547,580,[],True,31.508,False
23,DEUlL08T3OL,02,01,2025,Thursday,11,7920,37,[],True,85.16,False
24,DER1nPiyjbF,01,01,2025,Wednesday,09,44041,418,[],True,16.333,False
25,DEPMz9mRFuV,31,12,2024,Tuesday,09,21939,156,[],True,19.248,False
26,DEOvKofzVo4,31,12,2024,Tuesday,05,7014,56,[],True,20.733,False
27,DEHzCUvTWcd,28,12,2024,Saturday,12,6567,46,['belanjawan2025'],True,80.5,False
28,DEHqx0xTtnq,28,12,2024,Saturday,11,58277,281,[],True,46.369,False
29,DEFQuKhTxmq,27,12,2024,Friday,12,3,39,[],True,69.8,False
30,DECl9XHzFlt,26,12,2024,Thursday,11,19085,110,"['kenalsebelumkena', 'jangankenascam']",True,89.966,False
31,DD6Ii9eTWkl,23,12,2024,Monday,05,44542,163,[],True,46.67,False
32,DDinI92TARg,14,12,2024,Saturday,01,45177,576,[],True,59.433,False
33,DDhH90Ozvpp,13,12,2024,Friday,11,40264,261,['readyforgaadi'],False,,False
34,DDgN8QSzmuY,13,12,2024,Friday,03,55178,467,[],True,43.0,False
35,DDer3EzxksU,12,12,2024,Thursday,13,33792,112,[],True,16.647,False
36,DDaxZ79zvP5,11,12,2024,Wednesday,00,59580,197,[],True,24.166,False
37,DDTn7V-xafi,08,12,2024,Sunday,06,437776,1119,[],True,53.5,False
38,DDOQaT5zPnD,06,12,2024,Friday,04,11848,128,['readyforgaadi'],True,101.24,False
39,DDMYotTzrv9,05,12,2024,Thursday,10,60666,431,[],True,31.333,False
40,DDFDlZ_TDQD,02,12,2024,Monday,14,55366,167,[],True,46.508,False
41,DC8_aASznnV,29,11,2024,Friday,11,21038,149,[],True,11.84,False
42,DCwQVcizJk7,24,11,2024,Sunday,12,116921,262,[],True,51.408,False
43,DCtYqx_zUWy,23,11,2024,Saturday,09,22151,352,[],True,10.517,False
44,DCqEJ4OzXZG,22,11,2024,Friday,02,16177,256,[],True,64.968,False
45,DCgL-q_O99g,18,11,2024,Monday,06,21448,53,"['c4cinta', 'ekt']",True,39.914,False
46,DCdb2hBurhi,17,11,2024,Sunday,04,120111,496,[],True,24.937,False
47,DCW17GvucOb,14,11,2024,Thursday,15,76901,925,[],True,18.7,False
48,DCTfNQIu6jM,13,11,2024,Wednesday,08,49424,181,[],True,60.066,False
49,DCHEO9rOyJs,08,11,2024,Friday,12,12167,70,"['drinkresponsibly', 'tigerbeermy', 'uncageyourtiger']",True,79.366,False
50,DCG-E4uO5c0,08,11,2024,Friday,11,100522,355,[],True,51.221,False
51,DCGlmKlxUGg,08,11,2024,Friday,08,9465,79,['ektpodcast'],True,38.997,False
52,DB-hho3Od4f,05,11,2024,Tuesday,04,18419,200,[],True,42.866,False
53,DB8Z7Uzuilb,04,11,2024,Monday,09,49429,284,[],True,26.5,False
54,DB5gi2mxLlt,03,11,2024,Sunday,06,77909,361,[],True,55.266,False
55,DB2qTg-uHug,02,11,2024,Saturday,03,21580,137,[],True,40.333,False
56,DByKveyOk-n,31,10,2024,Thursday,09,232107,725,[],True,60.7,False
57,DBxZd1bOioo,31,10,2024,Thursday,02,17943,146,[],True,58.533,False
58,DBwVxD_uJZO,30,10,2024,Wednesday,16,21595,144,[],True,90.04,False
59,DBqoOFWOpjh,28,10,2024,Monday,11,66537,626,[],True,42.566,False
60,DBnXc5nOE9E,27,10,2024,Sunday,05,47731,457,[],True,27.466,False
61,DBk3JGUOA2p,26,10,2024,Saturday,05,94752,841,[],True,12.933,False
62,DBfWY8AOP-H,24,10,2024,Thursday,02,25310,380,[],True,45.7,False
63,DBYnMAfOi_-,21,10,2024,Monday,11,40050,468,[],True,11.066,False
64,DBVXj6kSoN1,20,10,2024,Sunday,05,237654,1010,[],True,45.033,False
65,DBQRFxXughr,18,10,2024,Friday,05,15491,125,[],True,22.0,False
66,DBLyN-IuLra,16,10,2024,Wednesday,12,14587,181,[],True,154.566,False
67,DBLaLG6OFGx,16,10,2024,Wednesday,08,76571,445,[],True,37.033,False
68,DBIyxYxuj5z,15,10,2024,Tuesday,08,22714,286,[],True,19.7,False
69,DBBKBUpO672,12,10,2024,Saturday,08,5265,55,['ektpodcast'],True,63.855,False
70,DBA02UcOL1b,12,10,2024,Saturday,05,84998,298,[],True,53.133,False
71,DA_Oak3O2Ny,11,10,2024,Friday,14,63331,160,[],True,47.3,False
72,DA3EzsmOSjM,08,10,2024,Tuesday,10,59735,194,[],True,56.2,False
73,DAxmXUcuWDp,06,10,2024,Sunday,07,64303,295,[],True,70.1,False
74,DAsioV_OEb7,04,10,2024,Friday,08,356513,2274,[],True,56.333,False
75,DApTxHZOYaw,03,10,2024,Thursday,02,123084,486,[],True,46.3,False
76,DAoYV-VOmV6,02,10,2024,Wednesday,17,341181,1498,[],True,50.533,False
77,DAnMjjvRA3p,02,10,2024,Wednesday,06,49092,428,['thalapathy69'],True,26.766,False
78,DAfTK3nTSe_,29,09,2024,Sunday,05,14307,110,[],False,,False
79,DAancipOQUN,27,09,2024,Friday,09,28345,153,"['xiaomimalaysia', 'xiaomilaunch', 'xiaomi14tseries', 'onlyatnight']",True,55.24,False
80,DAXx7mEO-9_,26,09,2024,Thursday,07,7564,46,[],True,62.92,False
81,DAU_cDlOzsS,25,09,2024,Wednesday,05,160281,2453,[],True,89.7,False
82,DAQWo0dz-eT,23,09,2024,Monday,10,17618,41,"['xiaomimalaysia', 'xiaomilaunch', 'xiaomi14tseries', 'onlyatnight']",False,,False
83,DAGSHfOuLtV,19,09,2024,Thursday,12,5394,58,"['xiaomimalaysia', 'xiaomilaunch', 'xiaomi14tseries', 'onlyatnight']",True,15.1,False
84,DAC-is1uejY,18,09,2024,Wednesday,05,47968,521,[],True,14.833,False
85,DAAiad2xqAV,17,09,2024,Tuesday,06,68480,358,[],True,43.533,False
86,C_5lQx9uGzL,14,09,2024,Saturday,13,358037,3524,[],True,47.468,False
87,C_4sFM-Ouyy,14,09,2024,Saturday,05,61589,297,[],True,29.066,False
88,C_ugwuxO-Pi,10,09,2024,Tuesday,06,65857,464,[],True,13.833,False
89,C_pagv6xwAp,08,09,2024,Sunday,07,5580,34,"['sahisivaliveinkl', '13oct2024']",True,59.96,False
90,C_n2uUOufek,07,09,2024,Saturday,16,145443,2007,[],True,27.566,False
91,C_km8VZOkR6,06,09,2024,Friday,10,15323,73,"['drinkresponsibly', 'tigerbeermy', 'tigercrystal', 'refreshinglightperfectwitheverybite']",True,59.6,False
92,C_kL7HoRH_x,06,09,2024,Friday,06,3,33,"['aeoncreditverse', 'aeoncreditioicitymall', 'aeoncreditflagshipbranch', 'aeoncredit']",True,63.7,False
93,C_kK8wTxYIt,06,09,2024,Friday,06,237839,1528,[],True,19.5,False
94,C_j6uGZOJwe,06,09,2024,Friday,03,42888,223,[],True,50.7,False
95,C_fcNrpuSk3,04,09,2024,Wednesday,10,60844,866,[],True,69.066,False
96,C_YcqstuaU_,01,09,2024,Sunday,16,22363,480,[],True,12.866,False
97,C_R1FgwuEEH,30,08,2024,Friday,03,49863,417,[],True,21.3,False
98,C_LDd8ux4cR,27,08,2024,Tuesday,12,18345,64,"['play', 'legolandmalaysia', 'lego', 'playunstoppable', 'brickfest', 'schoolholiday']",False,,False
99,C_KQwaXOxVs,27,08,2024,Tuesday,04,34619,335,[],True,58.433,False
100,C_IdsLgOTak,26,08,2024,Monday,11,8246,84,"['drinkresponsibly', 'tigercrystalmy', 'refreshinglylightperfectwitheverybite']",True,87.866,False
101,C_IBS6dRKoE,26,08,2024,Monday,07,100777,342,[],True,39.033,False
102,C_HaH0cN13q,26,08,2024,Monday,02,14279,29,[],True,31.56,False
103,C-2P530OiSr,19,08,2024,Monday,10,26787,497,[],True,22.766,False
104,C-uHG0VRPml,16,08,2024,Friday,06,69964,1178,[],True,52.166,False
105,C-pAh-eyiMz,14,08,2024,Wednesday,06,50802,564,[],True,21.2,False
106,C-cQ4iQR75M,09,08,2024,Friday,07,178967,2031,[],True,32.368,False
107,C-cDuL3RYW1,09,08,2024,Friday,06,56259,258,[],True,23.333,False
108,C-XizpYO5_H,07,08,2024,Wednesday,12,6304,63,"['play', 'legolandmalaysia', 'lego', 'playunstoppable', 'brickfest', 'schoolholiday']",True,90.0,False
109,C-XUFK6OsRJ,07,08,2024,Wednesday,09,64403,376,[],True,32.1,False
110,C-UOwiFxGF0,06,08,2024,Tuesday,05,27726,213,[],True,14.833,False
111,C-O-0FUzKhy,04,08,2024,Sunday,04,71480,73,[],False,,False
112,C-O4QggO3jC,04,08,2024,Sunday,03,52427,159,[],True,21.033,False
113,C-H1A0eOW1A,01,08,2024,Thursday,09,98840,415,[],True,14.333,False
114,C-HZ_xaRbHr,01,08,2024,Thursday,05,43954,298,[],True,21.066,False
115,C-CQAI4xjRa,30,07,2024,Tuesday,05,229524,1812,[],True,14.3,False
116,C9_zpxLx66D,29,07,2024,Monday,06,61159,834,[],True,59.766,False
117,C96JT_2ODML,27,07,2024,Saturday,01,37739,372,[],True,30.5,False
118,C93vfRJuXtP,26,07,2024,Friday,03,19848,267,[],True,31.6,False
119,C9zgojDOngk,24,07,2024,Wednesday,12,22663,137,"['chooseyouruniverse', 'universe']",True,50.066,False
120,C9v4y1LOCgH,23,07,2024,Tuesday,02,78290,599,[],True,14.6,False
121,C9hS9uyuU_J,17,07,2024,Wednesday,10,41725,528,[],True,90.0,False
122,C9cpCYLOs6V,15,07,2024,Monday,14,44357,120,[],True,14.768,False
123,C9Zo-GGuDiH,14,07,2024,Sunday,11,110339,672,[],True,38.733,False
124,C9U3wgMOyMR,12,07,2024,Friday,14,218622,2418,[],True,29.766,False
125,C9UmYVmR2CL,12,07,2024,Friday,12,7694,58,"['mameechef', 'tetapmalaysia', 'kenikmatansebenar']",True,88.733,False
126,C9RRN4rR_gJ,11,07,2024,Thursday,04,57739,499,[],True,8.2,False
127,C9RIuv-Rhwp,11,07,2024,Thursday,03,129505,689,[],True,10.666,False
128,C9PLg7ypz1W,10,07,2024,Wednesday,09,9827,189,"['mameechef', 'tetapmalaysia', 'kenikmatansebenar']",True,75.12,False
129,C8_f8nERH27,04,07,2024,Thursday,07,124905,936,[],True,9.366,False
130,C857sraRU2i,02,07,2024,Tuesday,03,24907,244,[],True,32.514,False
131,C83m0lzxg9_,01,07,2024,Monday,05,68085,414,[],True,30.833,False
132,C8wjPw3Rmrw,28,06,2024,Friday,12,91564,342,"['jomquakerfit', 'quaker30dayschallenge', 'quakermalaysia']",True,52.566,False
133,C8waUrjx3_R,28,06,2024,Friday,10,49813,173,[],True,16.133,False
134,C8tCgx_x6Ny,27,06,2024,Thursday,03,35545,358,[],True,14.533,False
135,C8qtbSnRj8p,26,06,2024,Wednesday,05,26676,143,[],True,48.833,False
136,C8oOyeexuhj,25,06,2024,Tuesday,06,33898,412,[],True,43.8,False
137,C8gSLWixkvk,22,06,2024,Saturday,04,132396,941,[],True,11.433,False
138,C8eQtACR_mM,21,06,2024,Friday,09,139638,507,[],True,50.0,False
139,C8Yeuvvxyp_,19,06,2024,Wednesday,03,21071,177,[],True,22.001,False
140,C8WKxZyxqdt,18,06,2024,Tuesday,06,22560,176,[],True,22.033,False
141,C8V6yR2RDcm,18,06,2024,Tuesday,03,20286,193,[],True,27.935,False
142,C8LfYqcRbmk,14,06,2024,Friday,02,27485,162,[],True,47.233,False
143,C8I-gH0R8Dw,13,06,2024,Thursday,03,90280,820,[],True,39.4,False
144,C8GU9kGxL67,12,06,2024,Wednesday,02,30239,206,[],True,19.8,False
145,C8EcMmgxTBW,11,06,2024,Tuesday,08,145745,743,[],True,9.933,False
146,C7_ZFzUR-aZ,09,06,2024,Sunday,09,318025,2206,[],True,28.366,False
147,C7-nfAtxLVy,09,06,2024,Sunday,02,22196,103,[],True,9.7,False
148,C78ejDsxGQo,08,06,2024,Saturday,06,74776,298,[],True,11.966,False
149,C76ehpIRH1Q,07,06,2024,Friday,12,11911,150,"['jomquakerfit', 'quaker30dayschallenge', 'quakermalaysia']",False,,False
150,C76Gc7YRzyw,07,06,2024,Friday,08,40612,331,[],True,16.466,False
151,C75kvP8RCyK,07,06,2024,Friday,03,28338,293,[],True,57.837,False
152,C71KMfsRFuS,05,06,2024,Wednesday,10,16474,140,['ektpodcast'],True,30.8,False
153,C7xvVAcBbmK,04,06,2024,Tuesday,02,36768,446,[],True,79.271,False
154,C7nnNktR2jC,31,05,2024,Friday,04,149354,1446,[],True,32.435,False
155,C7lMaVHxw-G,30,05,2024,Thursday,05,38112,288,[],True,43.334,False
156,C7gH_fkxFeE,28,05,2024,Tuesday,06,121639,1351,[],True,49.334,False
157,C7fqmJuxTIA,28,05,2024,Tuesday,02,496725,5193,[],True,53.1,False
158,C7dVuBwxPJf,27,05,2024,Monday,04,37537,506,[],True,17.833,False
159,C7V-6mMx7F_,24,05,2024,Friday,07,66282,626,[],True,23.5,False
160,C7VWgrqxfW7,24,05,2024,Friday,01,53227,394,[],True,20.766,False
161,C7OuuM3RMEn,21,05,2024,Tuesday,12,11729,45,"['drinkresponsibly', 'tigerbeermy', 'tigersojuflavouredlager', 'feelthetwist']",True,49.966,False
162,C7NuIjORkQF,21,05,2024,Tuesday,02,35817,220,[],True,21.333,False
163,C7JG1zhRbcu,19,05,2024,Sunday,07,135928,949,[],True,10.1,False
164,C7F6-XBRV6R,18,05,2024,Saturday,02,18733,109,[],True,7.733,False
165,C7EcbY-RAAi,17,05,2024,Friday,12,94568,425,[],True,7.5,False
166,C6_E_LGxiCd,15,05,2024,Wednesday,10,15117,71,['ektpodcast'],True,29.2,False
167,C67oYXrRoJl,14,05,2024,Tuesday,02,111398,447,[],True,6.133,False
168,C655ZXSRKbu,13,05,2024,Monday,10,57311,350,[],True,19.566,False
169,C6223e-R2CT,12,05,2024,Sunday,05,21781,50,[],False,,False
170,C60nCSWRQUr,11,05,2024,Saturday,08,28343,254,[],True,41.533,False
171,C6qHXZQxjF3,07,05,2024,Tuesday,06,16547,164,['ektpodcast'],True,50.533,False
172,C6qBcJex_Ls,07,05,2024,Tuesday,06,54664,252,[],True,10.766,False
173,C6iP-fJxAKx,04,05,2024,Saturday,05,33128,128,[],True,29.433,False
174,C6f6V9XRDcB,03,05,2024,Friday,07,18474,138,[],True,11.9,False
175,C6YhrLsRObz,30,04,2024,Tuesday,11,25313,366,[],True,16.4,False
176,C6S06hfPOm-,28,04,2024,Sunday,05,63305,234,['ektpodcast'],True,22.76,False
177,C6OATUxxKki,26,04,2024,Friday,08,25870,190,[],True,10.866,False
178,C6IkiaQxUWq,24,04,2024,Wednesday,06,32176,151,[],True,8.166,False
179,C6IWGtuJq2Y,24,04,2024,Wednesday,04,18583,157,['ektpodcast'],True,34.16,False
180,C6GHVTIx9CQ,23,04,2024,Tuesday,07,137090,1122,[],True,9.7,False
181,C6EM3tgxiFH,22,04,2024,Monday,13,9591,71,['ektpodcast'],True,89.04,False
182,C6BVUYUxUwQ,21,04,2024,Sunday,10,8471,80,['ajoshuamichaelpodcast'],True,73.156,False
183,C58R1C_Rgpu,19,04,2024,Friday,11,7778,76,"['episode1', 'ektpromo', 'ektep1']",True,49.36,False
184,C57p7vtxF9Q,19,04,2024,Friday,05,21831,196,[],True,27.033,False
185,C55nVl3Rh4b,18,04,2024,Thursday,10,127718,1540,[],True,14.433,False
186,C55KHpfxx5p,18,04,2024,Thursday,06,37539,224,[],True,12.933,False
187,C52eLbVRcWc,17,04,2024,Wednesday,05,98464,633,[],True,20.2,False
188,C5xFI67vdIA,15,04,2024,Monday,03,17800,152,[],True,39.401,False
189,C5ujKKfRpCU,14,04,2024,Sunday,03,20097,296,[],True,29.0,False
190,C5oCcULvKnN,11,04,2024,Thursday,15,42534,212,[],False,,False
191,C5lWEyMxzWf,10,04,2024,Wednesday,14,45127,661,[],True,72.08,False
192,C5h87N5RcS8,09,04,2024,Tuesday,06,25816,75,[],True,46.1,False
193,C5d9kAOR9Z8,07,04,2024,Sunday,17,19754,790,[],True,27.435,False
194,C5cedQfR_dF,07,04,2024,Sunday,03,20753,690,[],True,23.066,False
195,C5X9vIIrYpd,05,04,2024,Friday,09,133973,1555,[],True,30.84,False
196,C5S8ghwPp5S,03,04,2024,Wednesday,10,22455,87,[],True,15.64,False
197,C5F4ZpqRtWm,29,03,2024,Friday,08,259492,2600,[],True,38.433,False
198,C477axrP2vh,25,03,2024,Monday,11,13273,121,"['ekt', 'ajoshuamichaelpodcast']",True,56.181,False
199,C47IzhHxd8C,25,03,2024,Monday,04,38355,590,[],True,35.766,False
200,C4wxcIXRDKj,21,03,2024,Thursday,04,59161,347,[],True,25.8,False
201,C4vi92jRzGd,20,03,2024,Wednesday,16,25294,280,[],True,34.9,False
202,C4o2aFExIbU,18,03,2024,Monday,02,23744,433,[],True,13.0,False
203,C4oAemdhx-E,17,03,2024,Sunday,18,27754,763,[],True,8.566,False
204,C4n_naohKin,17,03,2024,Sunday,18,31125,870,[],True,4.666,False
205,C4m4XaZxHrB,17,03,2024,Sunday,07,67454,1061,[],True,31.8,False
206,C4adtG1vJ7k,12,03,2024,Tuesday,12,7797,24,[],True,81.039,False
207,C4aRiddxMGE,12,03,2024,Tuesday,10,61015,268,[],True,9.0,False
208,C4PiQe_xQIY,08,03,2024,Friday,06,76093,528,[],True,12.0,False
209,C4Pc92fxzaP,08,03,2024,Friday,05,32773,154,[],True,7.9,False
210,C4NndbzyfgF,07,03,2024,Thursday,12,20968,22,"['ekt', 'ajoshuamichaelpodcast']",True,74.551,False
211,C4H06UjxcuV,05,03,2024,Tuesday,06,165629,1468,[],True,9.466,False
212,C4AWoLmRFvD,02,03,2024,Saturday,08,289064,1394,[],True,17.4,False
213,C39xuw8RJAL,01,03,2024,Friday,08,161683,893,[],True,12.666,False
214,C3zpTCIRMLc,26,02,2024,Monday,10,260368,891,[],True,7.233,False
215,C3uKUDQRgie,24,02,2024,Saturday,07,31541,107,[],True,71.233,False
216,C3pi7yNvT6f,22,02,2024,Thursday,12,104882,1214,[],True,61.52,False
217,C3mH69-xdIS,21,02,2024,Wednesday,04,27477,151,[],True,50.84,False
218,C3kQztRRgZN,20,02,2024,Tuesday,10,190269,959,[],True,12.033,False
219,C3hcUbxRyb3,19,02,2024,Monday,08,36185,175,[],True,68.1,False
220,C3RumydxqUQ,13,02,2024,Tuesday,06,34399,182,[],True,12.333,False
221,C3E20vfRpwj,08,02,2024,Thursday,06,34038,143,[],True,46.6,False
222,C3CX-aOxXnt,07,02,2024,Wednesday,07,44992,378,[],True,17.285,False
223,C26jAdfRTgt,04,02,2024,Sunday,06,31130,178,[],True,84.4,False
224,C21jQvexqRI,02,02,2024,Friday,07,68200,178,[],True,9.833,False
225,C2rYRzQxkV_,29,01,2024,Monday,08,41142,198,[],True,71.233,False
226,C2jOnUARFPM,26,01,2024,Friday,04,32972,177,[],True,69.666,False
227,C2eNMvSxxmF,24,01,2024,Wednesday,05,45613,188,[],True,67.666,False
228,C2cBx5wROCB,23,01,2024,Tuesday,09,32281,98,[],False,,False
229,C2UYPk2x1U1,20,01,2024,Saturday,10,51124,282,[],True,70.666,False
230,C2PVxQSxrKG,18,01,2024,Thursday,11,154687,623,[],True,55.0,False
231,C2MAl2kRm9F,17,01,2024,Wednesday,04,135198,564,[],True,65.733,False
232,C2EhqyIRP-8,14,01,2024,Sunday,06,116286,345,[],True,50.066,False
233,C2CmZUQR13n,13,01,2024,Saturday,12,44107,132,[],True,52.6,False
234,C2BzZL8xcWh,13,01,2024,Saturday,05,289412,798,[],True,57.266,False
235,C19LPDdRs_t,11,01,2024,Thursday,10,84642,291,[],True,49.368,False
236,C16vUweR79t,10,01,2024,Wednesday,11,118474,378,[],True,60.533,False
237,C137mhNx3pk,09,01,2024,Tuesday,09,41726,109,[],True,70.733,False
238,C1zCuIfxJbw,07,01,2024,Sunday,11,90077,436,[],True,41.501,False
239,C1yMmhSRa15,07,01,2024,Sunday,03,184381,440,[],True,51.866,False
240,C1wfM43R8O5,06,01,2024,Saturday,11,120526,289,[],True,59.066,False
241,C1tdukAxjd0,05,01,2024,Friday,07,64826,301,[],True,52.333,False
242,C1rWe8QxYJZ,04,01,2024,Thursday,11,379997,1064,[],True,67.368,False
243,C1oadp5xJCc,03,01,2024,Wednesday,08,188649,906,[],True,71.935,False
244,C1i3PVBxzvy,01,01,2024,Monday,04,37492,179,[],True,14.766,False
245,C1gvYrGRbdi,31,12,2023,Sunday,08,116471,448,[],True,54.733,False
246,C1bNGKbRq3U,29,12,2023,Friday,05,52059,299,[],True,52.433,False
247,C1WUVjwxPAM,27,12,2023,Wednesday,07,32218,172,[],True,81.166,False
248,C1UE__nRIel,26,12,2023,Tuesday,10,46291,262,[],True,54.633,False
249,C1Ohd0cRZ-U,24,12,2023,Sunday,07,46271,173,[],True,41.833,False
250,C1KZikixVkN,22,12,2023,Friday,16,48194,142,[],True,52.7,False
251,C1EoGUUx6WD,20,12,2023,Wednesday,10,19031,101,[],True,71.166,False
252,C0_nQlNxhAi,18,12,2023,Monday,12,11995,51,[],True,97.866,False
253,C09EClNxJZ_,17,12,2023,Sunday,12,12583,79,[],True,80.666,False
254,C062XMiRfjo,16,12,2023,Saturday,15,14334,69,[],True,40.5,False
255,C06FcDDRZoO,16,12,2023,Saturday,08,65183,494,[],True,48.533,False
256,C0x_34oxCrG,13,12,2023,Wednesday,05,24848,296,[],True,45.0,False
257,C0LmlU8RdWR,28,11,2023,Tuesday,07,7299,33,[],True,127.04,False
258,Cz8pI5ixVnf,22,11,2023,Wednesday,12,4679,15,"['windmillgheeblend', 'sedapgiler', 'rasaluarbiasa', 'diwalihamper', 'deepavali2023']",True,96.8,False
259,Cz5DorIvcz6,21,11,2023,Tuesday,02,5919,17,[],True,53.64,False
260,CztM_4BrlGt,16,11,2023,Thursday,12,5086,36,['badep'],True,56.189,False
261,CzkyXE-xvc7,13,11,2023,Monday,05,8828,41,[],True,20.0,False
262,CzgQUlhx5Os,11,11,2023,Saturday,11,12977,180,"['badeps2', 'badepfrom13thnov', '13nov']",True,98.12,False
263,CzYe2I9xeCY,08,11,2023,Wednesday,10,22141,130,[],False,,False
264,CzWkEsAhofW,07,11,2023,Tuesday,17,21227,170,[],False,,False
265,Cy8N9AMRV3a,28,10,2023,Saturday,11,15632,188,"['badeps2', 'badepdeepavali']",True,58.52,False
266,Cy261NhRCkr,26,10,2023,Thursday,10,5196,64,[],True,15.848,False
267,Cxfjhw_xx4U,22,09,2023,Friday,11,17954,45,"['fairfares', 'valueforyourmoney', 'indrivemy', 'indrive']",True,197.733,False
268,CxS0qjSRsXR,17,09,2023,Sunday,13,12195,130,"['badepdeepavali2023', 'badeepavali2', 'badep2']",True,29.666,False
269,CxQY-Z1RBNk,16,09,2023,Saturday,14,10605,9,"['bestwithcarlsberg', 'carlsbergmy', 'celebrateresponsibly']",False,,False
270,CwkWgFUsIZf,30,08,2023,Wednesday,12,8546,9,[],True,88.0,False
271,CuB8VaUR4yO,28,06,2023,Wednesday,10,3,19,"['johnniewalkermy', 'invitedbyjohnniewalker', 'flavourstudio', 'ad']",False,,False
272,Cslaqkjum-X,23,05,2023,Tuesday,11,17335,93,[],True,71.566,False
273,CsBWN7AvSTI,09,05,2023,Tuesday,11,12178,86,[],True,100.866,False
274,CryAIytgPOv,03,05,2023,Wednesday,12,15442,103,[],True,88.333,False
275,CriqXlBRdGu,27,04,2023,Thursday,13,3,10,[],False,,False
276,CqM4-_mpXKl,25,03,2023,Saturday,06,12012,158,"['mypanasonic', 'panasonicstickvacuum', 'panasonicbeyourownguardian']",True,88.533,False
277,CqIXQF2rup7,23,03,2023,Thursday,12,7875,8,"['rewritethenight', 'makeitmonkey', 'madeformixing', 'rewritethenightmy']",False,,False
278,Cp11ny_rfVf,16,03,2023,Thursday,07,17927,314,['soundsofthesouth'],False,,False
279,Cpm4z26OOqj,10,03,2023,Friday,12,15920,100,"['flupreventionisanactoflove', 'preventfluwithlove', 'igetitdone', 'preventingthefluat65andbeyond']",True,242.466,False
280,Cpj8X5oSg3m,09,03,2023,Thursday,08,14950,35,"['badeps2', 'ajoshuamichaelseries', 'astrovinmeenoriginal']",False,,False
281,CouXXNphONR,16,02,2023,Thursday,13,7755,29,"['foodpandamy', 'foodandmoredelivered', 'mypandamoment']",True,304.833,False
282,CoPXA5thMsz,04,02,2023,Saturday,13,12049,100,['itsgottabemae'],True,418.0,False
283,CnWCPZyOd7D,13,01,2023,Friday,05,6011,4,[],True,29.933,False
284,CnEuk75hbtK,06,01,2023,Friday,12,9648,34,"['carlsbergmy', 'carlsbergcny', 'bestwithcarlsberg', 'celebrateresponsibly']",False,,False
285,Cm1NhGVrU8I,31,12,2022,Saturday,11,11571,25,[],False,,False
286,Cmih3g_L-l3,24,12,2022,Saturday,05,12111,26,"['carlsbergmy', 'bestwithcarlsberg', 'celebrateresponsibly']",False,,False
287,Cl8ocY9h24o,09,12,2022,Friday,12,7390,15,"['mypanasonic', 'panasoniccordlessvacuum', 'panasonicstickvacuum']",True,239.633,False
288,Cl3WBgUhNyV,07,12,2022,Wednesday,11,7719,22,"['carlsbergfootball', 'cheerstothefans', 'carlsbergmy', 'celebrateresponsibly']",False,,False
289,ClDZgZxrX59,17,11,2022,Thursday,07,25076,114,[],False,,False
290,CkN4SgghxJe,27,10,2022,Thursday,12,18332,21,"['carlsbergmy', 'carlsbergsmoothdraught', 'carlsberg175', 'probablythebest', 'celebrateresponsibly']",False,,False
291,Cjc6_qeO163,08,10,2022,Saturday,12,10028,129,[],True,148.333,False
292,CjQDInbhIFh,03,10,2022,Monday,12,15874,169,"['oneplus10t', 'evolvebeyondspeed']",True,440.2,False
293,CjK9TZTh0Rj,01,10,2022,Saturday,12,9784,7,"['malaysiabolehbersamamilo', 'jomminummilo']",True,63.933,False
294,CiKbHygrKXb,06,09,2022,Tuesday,11,18137,69,['badep2'],False,,False
295,CiC2coSD9Y0,03,09,2022,Saturday,12,5482,31,"['carlsberglfc', 'ynwa', 'carlsbergmy', 'celebrateresponsibly']",True,30.0,False
296,ChR9HFDBvLA,15,08,2022,Monday,12,10849,27,"['carlsbergmy', 'lfc', 'ynwa', 'celebrateresponsibly']",False,,False
297,ChKNjCNBWAn,12,08,2022,Friday,12,19467,419,"['ajoshuamichaelseries', 'badepseason2', 'babyma']",True,60.066,False
298,CfWRTTLhIun,28,06,2022,Tuesday,11,10540,35,"['jointheheist', 'moneyheistkorea', 'rompakdaebak']",False,,False
299,Cd0X7zHhvwP,21,05,2022,Saturday,11,3,14,"['rexonamy', '48hourfreshness', 'alldayfreshness', '5xfreshness', 'itwontletyoudown']",False,,False
300,CcNjSWShwtS,11,04,2022,Monday,13,17140,152,[],False,,False
301,Cao9jxKhfnj,03,03,2022,Thursday,12,19664,290,"['foodpandamy', 'foodandmoredelivered', 'hellojoydahsampai']",True,695.266,False
302,CYY1EyHBmm0,06,01,2022,Thursday,12,23511,40,[],False,,False
303,CXlcoS2BEaT,17,12,2021,Friday,13,10004,88,"['badep', 'urfuture', 'unitarinternationaluniversity']",True,1041.066,False
304,CXXx9q-Bcv_,12,12,2021,Sunday,05,24957,76,[],False,,False
305,CXVwgK9hRIg,11,12,2021,Saturday,10,9805,15,"['tigerbeermy', 'tigerstreetfood', 'tigercrystal', 'hypefeastdrop', 'xperiencethextraordinary']",False,,False
306,CXTfltVBE8X,10,12,2021,Friday,13,11368,166,"['badep', 'urfuture', 'unitarinternationaluniversity']",True,890.2,False
307,CXBU4qbBZe8,03,12,2021,Friday,12,12724,125,"['badep', 'urfuture', 'unitarinternationaluniversity']",True,958.566,False
308,CW-sprYhDrH,02,12,2021,Thursday,12,6222,27,"['tigerstreetfood', 'asmr', 'drinkresponsibly']",True,290.933,False
309,CWx04T3BiMS,27,11,2021,Saturday,12,12716,181,"['youbilalagi', 'duitnow', 'dahduitnowke', 'jompay', 'mudahnyajompay', 'fpx', 'fpxonlinebanking']",True,624.2,False
310,CWvOrTChQR2,26,11,2021,Friday,12,21546,287,"['foodpandamy', 'foodandmoredelivered', 'hellojoydahsampai']",True,411.266,False
311,CWstIuJhJvb,25,11,2021,Thursday,12,12185,110,"['drinkresponsibly', 'tigerbeermy', 'tigerstreetfood', 'tigercrystal', 'hypefeastdrop', 'xperiencethextraordinary']",True,59.066,False
312,CWiZWndBfiJ,21,11,2021,Sunday,12,29172,218,[],False,,False
313,CWS3AOxhxrT,15,11,2021,Monday,12,14252,147,"['youbilalagi', 'duitnow', 'dahduitnowke', 'jompay', 'mudahnyajompay', 'fpx', 'fpxonlinebanking']",True,599.2,False
314,CV2kO2hMX2B,04,11,2021,Thursday,12,14599,145,"['badep', 'urfuture', 'unitarinternationaluniversity']",True,825.366,False
315,CVxZwf_A2RA,02,11,2021,Tuesday,11,22721,294,"['pok', 'youbilalagi', 'duitnow', 'dahduitnowke', 'jompay', 'mudahnyajompay', 'fpx', 'fpxonlinebanking']",True,321.633,False
316,CVK94C_BRIS,18,10,2021,Monday,13,14303,71,"['syokwave', 'misterpotatosyokwave']",False,,False
317,CVDXElhhCIF,15,10,2021,Friday,14,24041,357,"['misterpotatomy', 'syokwave']",True,630.033,False
318,CU2RgkWB1ds,10,10,2021,Sunday,12,21160,338,"['disneyplushotstarmy', 'layandisneyharini']",True,392.966,False
319,CTj1k83hLlc,08,09,2021,Wednesday,12,44317,268,[],False,,False
320,CThbSYNBHgh,07,09,2021,Tuesday,13,38443,830,"['moneyheist', 'season5', 'lacasadepapel']",True,101.233,False
321,CTR2TmnhN1g,01,09,2021,Wednesday,12,31849,181,[],False,,False
322,CTPuED-BGnO,31,08,2021,Tuesday,16,42063,3129,[],True,344.866,False
323,CS9NOE1hO6d,24,08,2021,Tuesday,11,34310,532,"['dramaneverends', 'dramabergandaganda']",True,301.9,False
324,CSBag8-hm8A,01,08,2021,Sunday,06,24016,518,[],True,111.066,False
325,CRyg-cUrwBv,26,07,2021,Monday,11,38226,304,[],False,,False
326,CRvlkFnnhc8,25,07,2021,Sunday,08,24011,273,[],True,48.333,False
327,CRq2jU8nQJR,23,07,2021,Friday,12,34466,389,[],False,,False
328,CRY0FL6nQBh,16,07,2021,Friday,12,25171,193,['itsgottabemae'],True,274.3,False
329,CRVv6uEn6tO,15,07,2021,Thursday,07,30675,438,['13k'],True,39.566,False
330,CRQsZumn3Z1,13,07,2021,Tuesday,08,33648,539,[],True,41.5,False
331,CQ0wVNQHItP,02,07,2021,Friday,12,20674,212,"['sookadihatiku', 'sayangsangatsooka']",True,272.1,False
332,CQYa0tLBl14,21,06,2021,Monday,12,26334,391,"['fitness', 'health', 'yoga', 'headstand', 'supersaiyan', 'yogaposes']",False,,False
333,CP5g_TChozQ,09,06,2021,Wednesday,12,22720,145,['kfczingercheezilla'],True,488.633,False
334,CP0a3baBJgB,07,06,2021,Monday,12,21063,473,"['tigerstreetfood', 'tigerbeermy']",False,,False
335,CPj4nkChbAN,01,06,2021,Tuesday,02,36249,487,[],True,30.0,False
336,CPiR52_lQMB,31,05,2021,Monday,11,20844,172,"['enjoyresponsibly', 'tigerstreetfood', 'tigerbeermy']",True,613.533,False
337,CO4houahQKn,15,05,2021,Saturday,06,32022,378,[],False,,False
338,COo-gjphXfD,09,05,2021,Sunday,05,35602,199,[],False,,False
339,COIWPjWBgad,26,04,2021,Monday,13,26899,309,"['beattheheat', 'tigercrystal']",True,522.366,False
340,CN969s5hUHu,22,04,2021,Thursday,12,34168,79,['otakjam'],False,,False
341,CN45u9FBmJj,20,04,2021,Tuesday,13,44353,550,"['beattheheat', 'tigercrystal']",True,407.2,False
342,CNhzZxkhDHC,11,04,2021,Sunday,13,41932,819,[],False,,False
343,CNKhDj_ls3Z,02,04,2021,Friday,12,32065,435,"['dashingmy', 'dashingjuventus', 'dashingelite', 'playlikethechampions']",True,438.166,False
344,CMj9m_xhG8N,18,03,2021,Thursday,13,26744,233,[],False,,False
345,CMRyWbKB0HJ,11,03,2021,Thursday,12,25405,310,"['codashopxtinder', 'codashop']",True,235.233,False
346,CL_vvnSh-3R,04,03,2021,Thursday,12,24535,458,"['celcomteritory', 'readyfornextnormal']",False,,False
347,CLwTMCehNUL,26,02,2021,Friday,12,38420,502,[],False,,False
348,CLjXMSMBh7I,21,02,2021,Sunday,11,28420,535,[],True,143.1,False
349,CLRY-xLhyqL,14,02,2021,Sunday,11,37123,257,[],False,,False
350,CLOzq5hBoIN,13,02,2021,Saturday,11,22924,1291,[],True,38.666,False
351,CK4AHoohrFD,04,02,2021,Thursday,15,19670,176,[],True,56.0,False
352,CKjC9hKBQwi,27,01,2021,Wednesday,12,23691,496,"['foodpandamy', 'foodandmoretobedelivered']",True,246.5,False
353,CKWSCtXhEse,22,01,2021,Friday,13,20581,769,[],True,92.3,False
354,CKQpE9LBtWY,20,01,2021,Wednesday,08,23542,593,[],True,34.033,False
355,CKIgPYQBJJX,17,01,2021,Sunday,04,32483,6271,[],False,,False
356,CJvsNXfhuL_,07,01,2021,Thursday,13,28137,134,[],False,,False
357,CJYYb0YBJKS,29,12,2020,Tuesday,12,24908,190,[],False,,False
358,CJLf_Wdh7oI,24,12,2020,Thursday,12,45165,946,"['dahduitnowke', 'duitnowlainmacamsenangnya', 'duitnowpakainomborfonlah']",True,294.466,False
359,CJGfFfuhdF8,22,12,2020,Tuesday,13,31560,234,[],False,,False
360,CJBPCoyBK7l,20,12,2020,Sunday,12,26159,219,[],False,,False
361,CIvP8SVhAMp,13,12,2020,Sunday,12,33429,59,[],False,,False
362,CIstP61BYkz,12,12,2020,Saturday,13,36720,758,[],True,6.7,False
363,CIsGm0BhMrt,12,12,2020,Saturday,07,47725,240,[],False,,False
364,CHz5jkBhz_j,20,11,2020,Friday,11,14424,91,['tigerstreetfood'],True,229.033,False
365,CHwi0wnBQgK,19,11,2020,Thursday,04,24536,2493,[],True,13.1,False
366,CHpxOXkhQs1,16,11,2020,Monday,13,30108,207,[],False,,False
367,CHiIiJrB2z2,13,11,2020,Friday,13,22779,303,[],True,135.4,False
368,CHZlwV9BCBx,10,11,2020,Tuesday,06,27262,699,[],True,149.033,False
369,CHFupiGhyXU,02,11,2020,Monday,13,25962,417,"['itsgottabemae', 'humanisingsince1960']",False,,False
370,CG7dEVhBdWn,29,10,2020,Thursday,13,31667,301,[],False,,False
371,CGZ6G8whvba,16,10,2020,Friday,12,32090,261,[],False,,False
372,CGKgNFgBcLB,10,10,2020,Saturday,13,13688,92,"['lacremeria', 'peanutbutter', 'nestleicecream']",True,138.933,False
373,CGH84CuBx_j,09,10,2020,Friday,13,24625,341,[],False,,False
374,CGAIaOxhECf,06,10,2020,Tuesday,12,18795,1665,"['celebratingtheflavoursofmalaysia', 'cadburydairymilk', 'cadburydairymilkdurian']",False,,False
375,CF7Hvo7B1F-,04,10,2020,Sunday,13,25918,983,"['biggboss', 'biggbosstamil']",True,130.466,False
376,CFwr05wBevH,30,09,2020,Wednesday,12,28416,605,[],False,,False
377,CFmYhtThHRK,26,09,2020,Saturday,12,23512,436,"['celebratingtheflavoursofmalaysia', 'cadburydairymilk', 'cadburydairymilkdurian']",True,212.566,False
378,CFewjGthFz3,23,09,2020,Wednesday,13,28487,256,[],False,,False
379,CE9UbzqB-Ve,10,09,2020,Thursday,13,32855,482,[],False,,False
380,CE60mBmhB9i,09,09,2020,Wednesday,14,24448,273,[],True,60.0,False
381,CE4PkDNBF2B,08,09,2020,Tuesday,14,26498,453,[],True,60.0,False
382,CE4LOO3ht6N,08,09,2020,Tuesday,13,24906,67,['celcom63milangdeals'],False,,False
383,CE1qf4lBRMh,07,09,2020,Monday,14,32292,423,[],True,60.0,False
384,CEjob3dhcuT,31,08,2020,Monday,14,26447,165,[],False,,False
385,CDoY5bmhv80,08,08,2020,Saturday,14,31148,587,[],False,,False
386,CDeGCqZBxhg,04,08,2020,Tuesday,14,26008,182,[],True,58.533,False
387,CDMEEdpBSsT,28,07,2020,Tuesday,14,26290,275,[],True,59.633,False
388,CCtFYx8BINX,16,07,2020,Thursday,13,27916,288,[],True,15.766,False
389,CClYGZ6BnnG,13,07,2020,Monday,13,32878,206,[],False,,False
390,CCdpcJahCb-,10,07,2020,Friday,13,38273,408,[],False,,False
391,CCTf-tLB5ET,06,07,2020,Monday,14,32835,759,[],True,25.9,False
392,CCORGIDB6it,04,07,2020,Saturday,14,27576,570,[],True,23.566,False
393,CCJGC2lh2EE,02,07,2020,Thursday,13,32450,197,[],False,,False
394,CCD_JIOh0Hb,30,06,2020,Tuesday,14,25588,153,[],True,59.466,False
395,CB-xGIXhC_V,28,06,2020,Sunday,13,31692,1273,[],False,,False
396,CB0e8uUh5HX,24,06,2020,Wednesday,13,34877,234,[],True,52.166,False
397,CBxxhj0BtFe,23,06,2020,Tuesday,12,26510,220,[],True,57.966,False
398,CBvbq-OBYUx,22,06,2020,Monday,14,23894,169,[],False,,False
399,CBud-q9BEHk,22,06,2020,Monday,05,18940,185,['hbdthalapathyvijay'],True,52.833,False
400,CBp8vY2BPAx,20,06,2020,Saturday,11,37555,746,[],False,,False
401,CBnmvUchx0C,19,06,2020,Friday,13,33040,461,[],True,58.9,False
402,CBf0EyOFqT2,16,06,2020,Tuesday,13,25790,233,[],True,14.4,False
403,CBQQYuQhldO,10,06,2020,Wednesday,12,28954,139,[],False,,False
404,CBLXTLZHkrX,08,06,2020,Monday,14,29562,313,[],True,19.266,False
405,CBIxdOln8u3,07,06,2020,Sunday,14,35987,654,[],True,58.366,False
406,CBGLrCVn0z4,06,06,2020,Saturday,14,33619,349,[],True,22.033,False
407,CA-fKTiHx0o,03,06,2020,Wednesday,14,20375,107,"['goodmorningbabymashow', 'gmb']",False,,False
408,CA5SfT2n5j7,01,06,2020,Monday,14,31711,531,['wipeitdownchallenge'],True,23.4,False
409,CA21yfjhlys,31,05,2020,Sunday,15,12392,62,[],False,,False
410,CA0LITZhPo-,30,05,2020,Saturday,14,22427,216,[],False,,False
411,CAxmzw8hCsi,29,05,2020,Friday,14,12915,313,[],False,,False
412,CAvChYuHT2I,28,05,2020,Thursday,14,31679,3041,[],True,49.766,False
413,CAscbW0Bsfc,27,05,2020,Wednesday,14,25121,188,[],False,,False
414,CAppBlcn7yG,26,05,2020,Tuesday,12,38073,421,[],True,58.9,False
415,CAnG1OxH_0a,25,05,2020,Monday,12,21402,95,[],False,,False
416,CAkaqBcnt5D,24,05,2020,Sunday,11,39776,342,[],True,58.166,False
417,CAiC8umnlEA,23,05,2020,Saturday,13,30460,596,[],True,55.1,False
418,CAfT7-QHJ63,22,05,2020,Friday,11,22938,188,[],False,,False
419,CAaMEBSnc9U,20,05,2020,Wednesday,12,43792,405,[],True,59.333,False
420,CAXmpZVnmgk,19,05,2020,Tuesday,12,32957,434,[],False,,False
421,CAU-KdwHfVN,18,05,2020,Monday,11,33464,293,[],True,59.033,False
422,CAR0ZdXn_tL,17,05,2020,Sunday,06,40338,480,[],True,60.0,False
423,CAP-LMfH0r6,16,05,2020,Saturday,12,27659,177,[],True,57.866,False
424,CANVtSLH_r5,15,05,2020,Friday,12,23334,115,[],False,,False
425,CAKyfQKnW9v,14,05,2020,Thursday,12,25170,215,[],True,58.033,False
426,CAILhvtndSz,13,05,2020,Wednesday,12,20955,111,[],False,,False
427,CAFmpeDHsBz,12,05,2020,Tuesday,12,35273,564,[],True,59.033,False
428,CADAZ8EnmRc,11,05,2020,Monday,12,27820,252,[],True,59.066,False
429,CAAWlFJHQMF,10,05,2020,Sunday,11,28158,179,[],True,58.8,False
430,B_9ywitnIut,09,05,2020,Saturday,11,22758,520,[],True,96.533,False
431,B_7Ov_SHl-7,08,05,2020,Friday,11,31071,485,[],True,59.3,False
432,B_4mwkZH5Ip,07,05,2020,Thursday,11,15422,365,[],False,,False
433,B_2CwrkngTh,06,05,2020,Wednesday,11,39125,550,"['pvc', 'ajoshuamichaelgilmafilm']",True,58.366,False
434,B_zhbsNHHxK,05,05,2020,Tuesday,11,17192,109,[],False,,False
435,B_w-FYUHP6T,04,05,2020,Monday,12,30805,268,[],True,58.8,False
436,B_uZV-snlpw,03,05,2020,Sunday,12,39120,378,[],True,58.933,False
437,B_r0-NpnOVx,02,05,2020,Saturday,12,29315,186,[],True,59.1,False
438,B_pOiyfnj5l,01,05,2020,Friday,11,35227,460,[],True,59.0,False
439,B_mp-pHnh6I,30,04,2020,Thursday,11,33293,392,[],True,58.8,False
440,B_j-26-H6-i,29,04,2020,Wednesday,10,9558,46,[],False,,False
441,B_e8L2VnmvW,27,04,2020,Monday,11,18133,466,[],True,59.033,False
442,B_b4yIRnGoy,26,04,2020,Sunday,07,13077,108,[],True,59.0,False
443,B_Z0K6DHNIe,25,04,2020,Saturday,12,11686,147,[],True,58.133,False
444,B_VA8DbHW2I,23,04,2020,Thursday,15,11807,72,[],True,20.033,False
445,B_RPEyiH3jS,22,04,2020,Wednesday,04,11863,145,[],True,11.5,False
446,B_KeBTCnQD1,19,04,2020,Sunday,13,8096,51,[],False,,False
447,B_Jn0HDHeiJ,19,04,2020,Sunday,05,12392,226,[],True,27.033,False
448,B_AEBneByYz,15,04,2020,Wednesday,12,14927,287,[],True,12.8,False
449,B-_SyJxhA_B,15,04,2020,Wednesday,04,10247,132,[],False,,False
450,B-9mqX3hIV2,14,04,2020,Tuesday,13,14148,652,[],False,,False
451,B-8oTdkhZK6,14,04,2020,Tuesday,04,13518,184,[],False,,False
452,B-6DG3mhyfb,13,04,2020,Monday,04,7937,151,[],True,11.833,False
453,B-4bShoB6jh,12,04,2020,Sunday,12,10278,135,[],True,47.433,False
454,B-1AdpMBHwi,11,04,2020,Saturday,05,8234,226,[],False,,False
455,B-zRlj1BiwC,10,04,2020,Friday,12,15609,123,[],False,,False
456,B-w1CJmBybK,09,04,2020,Thursday,14,9593,189,['dontrushchallenge'],True,26.8,False
457,B-vyH2kBIw6,09,04,2020,Thursday,04,4596,23,[],False,,False
458,B-rfpkjhZIf,07,04,2020,Tuesday,12,7213,93,[],True,58.5,False
459,B-o-_Uoh55w,06,04,2020,Monday,13,12393,539,[],True,60.0,False
460,B-oJvnRnL7-,06,04,2020,Monday,05,8215,122,[],False,,False
461,B-liNQpnPi5,05,04,2020,Sunday,04,9695,60,[],False,,False
462,B-hhcQBBGQ7,03,04,2020,Friday,15,6373,70,[],True,59.933,False
463,B-hbgiHB-65,03,04,2020,Friday,14,4778,37,[],False,,False
464,B-ezLfZhWwI,02,04,2020,Thursday,14,8857,210,[],True,58.366,False
465,B-ZqjZVhC4l,31,03,2020,Tuesday,14,8720,151,[],True,59.833,False
466,B-W5VArhYnJ,30,03,2020,Monday,12,7056,108,[],True,17.933,False
467,B-UTXuWBgRP,29,03,2020,Sunday,12,7631,82,[],True,13.233,False
468,B-PLaSMB5b3,27,03,2020,Friday,12,4909,58,[],False,,False
469,B-OvEyThJxv,27,03,2020,Friday,08,6561,74,[],True,9.1,False
470,B-OMPw5ndTN,27,03,2020,Friday,03,5030,42,[],False,,False
471,B-Mulg_hwVb,26,03,2020,Thursday,13,4902,21,[],False,,False
472,B-J8UTZBXXE,25,03,2020,Wednesday,11,5147,119,[],True,50.166,False
473,B-JawmGBj8W,25,03,2020,Wednesday,06,8003,120,[],True,56.133,False
474,B-E37CuhOGR,23,03,2020,Monday,12,5268,27,[],True,15.1,False
475,B-CPgZKhDDN,22,03,2020,Sunday,12,7998,105,[],True,15.033,False
476,B-BqbOankhE,22,03,2020,Sunday,06,6482,70,[],True,25.1,False
477,B9_tksIh0PM,21,03,2020,Saturday,12,8362,83,['stayathome'],True,18.3,False
478,B96fRpLBTGK,19,03,2020,Thursday,11,7192,69,['workingfromhome'],True,18.2,False
479,B94A_2inNub,18,03,2020,Wednesday,12,14356,275,[],True,41.366,False
480,B924eqJHM3S,18,03,2020,Wednesday,02,7146,45,[],True,26.9,False
481,B9zKPwWhcEd,16,03,2020,Monday,15,5713,58,[],True,28.566,False
482,B9y4GE7BVkH,16,03,2020,Monday,12,4064,5,['gymparithabangal'],False,,False
483,B9vUKLan36z,15,03,2020,Sunday,03,10058,173,[],False,,False
484,B9oovmsBJLM,12,03,2020,Thursday,13,5841,93,[],True,57.1,False
485,B9jXso2HbjN,10,03,2020,Tuesday,12,8735,108,[],False,,False
486,B9dZ7BphCjz,08,03,2020,Sunday,04,3796,52,[],True,13.666,False
487,B9a-6F4H5Hl,07,03,2020,Saturday,06,8093,125,[],True,20.033,False
488,B9ZN7guBnOR,06,03,2020,Friday,13,3946,9,[],False,,False
489,B9T9Egph9oe,04,03,2020,Wednesday,12,3073,8,[],False,,False
490,B9AySgaB-yq,26,02,2020,Wednesday,01,4334,33,[],True,11.9,False
491,B85vKYch8mJ,23,02,2020,Sunday,08,11204,174,[],True,60.0,False
492,B83CU49hZ8h,22,02,2020,Saturday,06,3735,28,[],False,,False
493,B8lzikpBkyJ,15,02,2020,Saturday,14,5933,60,[],False,,False
494,B8jcWwbhsWD,14,02,2020,Friday,16,4880,104,['feb15th'],True,39.4,False
495,B8gfBNDhHaJ,13,02,2020,Thursday,12,3020,13,[],False,,False
496,B8Tlq27hkv0,08,02,2020,Saturday,12,4395,20,[],False,,False
497,B8OUQdvB_fP,06,02,2020,Thursday,11,6272,87,[],True,60.0,False
498,B8LvvhSh5OR,05,02,2020,Wednesday,11,4425,42,[],False,,False
499,B8GGdfkhTEf,03,02,2020,Monday,06,4950,24,[],False,,False
500,B7-SA1ehBHO,31,01,2020,Friday,06,4654,23,[],True,19.633,False
501,B78a7d3hHFx,30,01,2020,Thursday,12,3674,24,[],True,15.133,False
502,B75zLgIBUjR,29,01,2020,Wednesday,12,5265,44,['godzilla'],True,23.0,False
503,B75GW1wB9Ph,29,01,2020,Wednesday,05,3393,9,[],True,15.066,False
504,B72Q5UlhFAq,28,01,2020,Tuesday,03,2901,27,[],False,,False
505,B70LlHrBBuD,27,01,2020,Monday,07,3747,26,[],True,60.0,False
506,B7yMb-whE3g,26,01,2020,Sunday,13,2625,20,[],True,31.566,False
507,B7vTcqVBzOC,25,01,2020,Saturday,10,4765,49,[],True,12.633,False
508,B7shVWpBs7W,24,01,2020,Friday,08,4605,30,[],False,,False
509,B7kUBl-BOru,21,01,2020,Tuesday,03,3439,11,[],False,,False
510,B7ifTEZhfIB,20,01,2020,Monday,10,4158,24,[],True,13.533,False
511,B7fqxL3hIGN,19,01,2020,Sunday,08,6725,58,[],False,,False
512,B7ddEkzBBzn,18,01,2020,Saturday,12,4875,75,[],True,56.2,False
513,B7cqzophlAM,18,01,2020,Saturday,04,5425,54,[],False,,False
514,B7bDBT3hFwD,17,01,2020,Friday,13,3234,21,[],True,17.4,False
515,B7YTaMrBV7f,16,01,2020,Thursday,12,4397,123,[],True,6.8,False
516,B7Pzv6SB7Es,13,01,2020,Monday,04,5824,69,[],False,,False
517,B7NceJaBaR2,12,01,2020,Sunday,06,3219,4,[],False,,False
518,B7Lo0GPhVRF,11,01,2020,Saturday,13,4374,42,[],True,15.033,False
519,B7DWpLChoed,08,01,2020,Wednesday,08,5837,89,[],True,19.533,False
520,B68Aj9ah5h8,05,01,2020,Sunday,12,4884,72,[],True,59.666,False
521,B67nvLuhq2l,05,01,2020,Sunday,08,4272,21,[],False,,False
522,B628gs9BAsN,03,01,2020,Friday,13,13695,247,[],True,16.633,False
523,B6ws-b0h-8Q,01,01,2020,Wednesday,02,4403,59,[],True,15.4,False
524,B6uzGCdBgpe,31,12,2019,Tuesday,09,5626,62,[],False,,False
525,B6uUSrEBLov,31,12,2019,Tuesday,04,3711,77,[],True,8.9,False
526,B6pkIU9hYsF,29,12,2019,Sunday,08,1724,5,[],True,59.9,False
527,B6pLKYbB1-Y,29,12,2019,Sunday,04,3397,61,[],True,11.2,False
528,B6m7z-nhGII,28,12,2019,Saturday,07,3081,8,"['todayiwill', '2020', 'ootd', 'swaybuzz']",False,,False
529,B6hpLkjh727,26,12,2019,Thursday,06,3308,69,['eclipse'],False,,False
530,B6eqRKKhbqL,25,12,2019,Wednesday,02,3791,30,"['todayiwill', 'christmascountdown', 'ootd', 'swaybuzz']",False,,False
531,B6aWsZXhW3q,23,12,2019,Monday,10,3370,43,[],False,,False
532,B5-erLuB9WA,12,12,2019,Thursday,14,3983,59,[],True,20.1,False
533,B5wkwWTn-no,07,12,2019,Saturday,05,4761,57,[],False,,False
534,B5pomfjBvD1,04,12,2019,Wednesday,12,2846,37,[],False,,False
535,B5l4FEKnUCW,03,12,2019,Tuesday,01,4184,60,[],True,21.266,False
536,B5gza5qHYvH,01,12,2019,Sunday,02,3931,36,"['fitnessgoals', 'fitnessfreak', 'fitnessismymiddlename', 'bodybuilder', 'builder', 'contractor', 'contractornesamani', 'kothanaar', 'arnoldswashdheioddethambi']",False,,False
537,B5cuycpBtjF,29,11,2019,Friday,12,7893,208,[],True,46.0,False
538,B5McE_QhGMH,23,11,2019,Saturday,04,2624,14,[],False,,False
539,B5K3D2Dhcl2,22,11,2019,Friday,13,2801,18,[],True,11.2,False
540,B5FikZLBs3e,20,11,2019,Wednesday,12,1705,8,[],False,,False
541,B5AkIekhZUU,18,11,2019,Monday,13,2436,15,['youknowifyouknow'],False,,False
542,B44njHqhlA5,15,11,2019,Friday,11,3060,17,[],False,,False
543,B4uZhvSB6AY,11,11,2019,Monday,12,4559,45,[],False,,False
544,B4mKN3mBAMu,08,11,2019,Friday,07,2116,2,['taneshhvlogs'],False,,False
545,B4cdAl6hTq6,04,11,2019,Monday,13,1889,7,['kirukzformurukkuz'],False,,False
546,B4SITX8B9M5,31,10,2019,Thursday,12,3285,29,[],True,47.133,False
547,B4PlljrBEOj,30,10,2019,Wednesday,13,1957,12,[],True,26.7,False
548,B4NI-V8Bvu1,29,10,2019,Tuesday,14,2870,16,[],False,,False
549,B4Hd-LCBmFX,27,10,2019,Sunday,09,1749,2,"['deepsday', 'kirukzformurukkuz']",False,,False
550,B4G13FchG2P,27,10,2019,Sunday,03,2307,35,"['deepday', 'kirukzformurukkuz']",False,,False
551,B4FaCu6BR8C,26,10,2019,Saturday,14,3093,17,['kirukzformurukkuz'],False,,False
552,B39VPoNBEjo,23,10,2019,Wednesday,11,2658,15,"['deepswithdiya', 'kirukzformurukkuz']",False,,False
553,B3zVzzhhgnQ,19,10,2019,Saturday,13,1987,2,[],False,,False
554,B3wp3-bhSqR,18,10,2019,Friday,12,2550,23,[],True,29.0,False
555,B3mWeS2hKv9,14,10,2019,Monday,12,1981,6,[],False,,False
556,B3eoavlh3F1,11,10,2019,Friday,12,2304,9,[],False,,False
557,B3TQuWIB1EA,07,10,2019,Monday,02,6025,110,"['biggbosstamil3', 'mugenbb3titlewinner']",False,,False
558,B3PM9oPBi_z,05,10,2019,Saturday,13,2785,23,[],False,,False
559,B3Dyt_OhAIm,01,10,2019,Tuesday,02,2544,40,[],True,55.9,False
560,B28nUBehF8i,28,09,2019,Saturday,07,1722,8,[],False,,False
561,B2wJZoJhIsi,23,09,2019,Monday,11,2062,2,[],False,,False
562,B2oVYsMBaSU,20,09,2019,Friday,10,2343,11,[],False,,False
563,B2br2vfhm_U,15,09,2019,Sunday,12,1922,16,[],False,,False
564,B2WgnQ4Bam7,13,09,2019,Friday,12,2068,25,"['vadivelu', 'vadivelucomedy']",True,15.066,False
565,B2RQfOmBYLg,11,09,2019,Wednesday,11,1132,1,"['unitingbeyondcolour', 'rhbmerdeka2019']",False,,False
566,B2QdjT8BFcV,11,09,2019,Wednesday,04,1810,44,[],True,15.066,False
567,B2B6l_YB7VG,05,09,2019,Thursday,12,2513,63,[],True,41.4,False
568,B16T7wChd96,02,09,2019,Monday,13,3285,62,[],True,111.266,False
569,B127q1YhG_m,01,09,2019,Sunday,06,3003,17,[],False,,False
570,B1AniE0h28e,11,08,2019,Sunday,04,1405,17,[],True,60.033,False
571,B04zQn2h4YM,08,08,2019,Thursday,03,1913,15,[],True,52.2,False
572,B0zf-L6B4AP,06,08,2019,Tuesday,01,1777,21,[],True,39.166,False
573,B0xJUkLhQEK,05,08,2019,Monday,03,1620,12,[],False,,False
574,B0nv8iqhefD,01,08,2019,Thursday,12,1716,7,[],False,,False
575,B0kKNYOHMCZ,31,07,2019,Wednesday,02,2316,23,[],False,,False
576,B0dUVX3hsaE,28,07,2019,Sunday,11,4017,26,[],True,19.566,False
577,B0VqPD-hqbs,25,07,2019,Thursday,11,2093,32,[],True,17.233,False
578,B0LBZFTBkqk,21,07,2019,Sunday,08,1067,4,[],False,,False
579,B0GPcHRBWSr,19,07,2019,Friday,11,945,1,[],False,,False
580,Bz9l401hiUy,16,07,2019,Tuesday,03,1040,8,[],True,31.533,False
581,Bz8NNTBhN9C,15,07,2019,Monday,14,848,5,[],False,,False
582,Bz5NGELB2_K,14,07,2019,Sunday,10,928,14,[],True,5.466,False
583,Bz3ATJDhsmx,13,07,2019,Saturday,13,931,7,[],False,,False
584,BzzOLHDh0b1,12,07,2019,Friday,02,601,1,[],False,,False
585,BzwtCp5hgR3,11,07,2019,Thursday,03,1279,13,[],False,,False
586,BzsXwpNhqxb,09,07,2019,Tuesday,10,939,5,[],False,,False
587,BzdaYssBPdS,04,07,2019,Thursday,02,2068,26,['bottlecapchallenge'],True,16.233,False
588,BzR-hIHBhwH,29,06,2019,Saturday,04,772,4,[],False,,False
589,BzQOj1rhlkx,28,06,2019,Friday,12,1034,9,[],True,22.533,False
590,BzKK_VeBXRA,26,06,2019,Wednesday,04,1520,32,[],True,20.066,False
591,BzHoxiRhRFI,25,06,2019,Tuesday,04,574,0,[],False,,False
592,BzBHk4tBENN,22,06,2019,Saturday,15,1213,12,[],True,20.866,False
593,By91N6Gh-wb,21,06,2019,Friday,09,1505,42,[],True,56.8,False
594,By2RFoohvdC,18,06,2019,Tuesday,10,660,4,[],False,,False
595,Byt4l3MBA8N,15,06,2019,Saturday,04,742,2,[],True,59.9,False
596,BypwiR4hWug,13,06,2019,Thursday,13,669,6,['thiripiphotepadam'],False,,False
597,Byl-fKNB6jq,12,06,2019,Wednesday,02,1054,13,[],True,36.266,False
598,Byb4B2nhezr,08,06,2019,Saturday,04,1001,34,[],True,59.533,False
599,ByW8NYUhgCg,06,06,2019,Thursday,06,641,0,[],False,,False
600,ByKy4QvhfDR,01,06,2019,Saturday,13,704,22,[],False,,False
601,ByJrr27hVlG,01,06,2019,Saturday,03,1140,13,[],True,59.966,False
602,ByC5JpwBhVd,29,05,2019,Wednesday,11,896,12,"['biggervalueplan', 'finetuneyourplan', 'biggervalueplan', 'sureone']",False,,False
603,Bx4qmfrhB1W,25,05,2019,Saturday,12,659,0,[],False,,False
604,Bx3pqdpBbfP,25,05,2019,Saturday,02,729,0,[],False,,False
605,BxyTCy7BcBt,23,05,2019,Thursday,01,426,1,[],False,,False
606,BxreT_fBDO2,20,05,2019,Monday,09,1141,7,[],False,,False
607,Bxo3m_pBc9W,19,05,2019,Sunday,09,821,0,[],False,,False
608,BxfFWZhBVvj,15,05,2019,Wednesday,13,694,15,[],False,,False
609,BxWQSBrnxWI,12,05,2019,Sunday,03,1283,13,[],False,,False
610,BxLwYikHm5e,08,05,2019,Wednesday,01,619,6,"['ynwa', 'livbar']",False,,False
611,Bw15inAHBGL,29,04,2019,Monday,14,569,4,"['philsettepoita', 'cetaphilmy', 'ennakeeppothumpettaphil']",False,,False
612,BweUcdFnGYO,20,04,2019,Saturday,10,605,4,[],False,,False
613,BwOlWx_n86u,14,04,2019,Sunday,07,481,2,[],False,,False
614,BwHLolPnGEn,11,04,2019,Thursday,10,679,15,[],False,,False
615,BwCLljen4qI,09,04,2019,Tuesday,12,609,5,[],False,,False
616,BvlrVMZnMRC,29,03,2019,Friday,10,699,7,['rowdybaby'],True,35.033,False
617,BvlCTOBHSkT,29,03,2019,Friday,04,688,3,[],False,,False
618,BvY71hdnKAj,24,03,2019,Sunday,11,650,9,['iwantmymayirepudegeran'],False,,False
619,BvVlSpUnEyH,23,03,2019,Saturday,04,544,2,[],False,,False
620,BvT80penUQA,22,03,2019,Friday,13,906,30,[],True,42.033,False
621,BvLUwg4H0Gu,19,03,2019,Tuesday,04,534,6,[],False,,False
622,BvBJhQJnLOJ,15,03,2019,Friday,05,604,3,[],False,,False
623,Bu0LN50H1y5,10,03,2019,Sunday,04,533,2,['taneshhvlogs'],False,,False
624,Buxc4OgHEPq,09,03,2019,Saturday,03,776,11,"['happyinternationalwomensday', 'iwd2019']",True,25.234,False
625,BuvE_xQHgIc,08,03,2019,Friday,05,367,1,"['iwd2019', 'internationalwomensday']",False,,False
626,BuoFRfbnC1_,05,03,2019,Tuesday,12,652,10,[],True,59.066,False
627,Bufy5jAH3Lq,02,03,2019,Saturday,07,991,13,['sanggiii'],True,22.3,False
628,BubQdvGHge_,28,02,2019,Thursday,12,516,2,[],False,,False
629,BuX2wyqH7Dk,27,02,2019,Wednesday,05,469,13,['disclosure'],False,,False
630,BuWK5WanBy4,26,02,2019,Tuesday,13,550,5,[],False,,False
631,BuTrbtEnqSU,25,02,2019,Monday,14,478,7,[],False,,False
632,BuP_ZgEncJA,24,02,2019,Sunday,03,628,0,['disclosure'],False,,False
633,BuJCiaMn_bx,21,02,2019,Thursday,10,478,7,['illayaraja'],True,59.9,False
634,BuF0ZQynBG9,20,02,2019,Wednesday,04,532,13,"['punpaitiyam', 'kavignanjoshua']",False,,False
635,BuDLgT_HGjB,19,02,2019,Tuesday,04,378,4,[],False,,False
636,Bt-5zrLHXr3,17,02,2019,Sunday,12,324,3,[],False,,False
637,Bt-Cu6QnVDP,17,02,2019,Sunday,04,477,22,[],True,59.966,False
638,Bt2ziNgHfv0,14,02,2019,Thursday,08,431,7,[],False,,False
639,BtzwxwXnZDY,13,02,2019,Wednesday,04,379,6,[],False,,False
640,BtvWVcNnYPx,11,02,2019,Monday,11,327,4,[],False,,False
641,BtsEhtsnecM,10,02,2019,Sunday,04,334,5,[],False,,False
642,BtpaKwdnr1S,09,02,2019,Saturday,04,262,0,[],False,,False
643,BtmyCpBnDHQ,08,02,2019,Friday,03,358,25,[],False,,False
644,BtkRbTmn-0v,07,02,2019,Thursday,04,265,2,[],False,,False
645,BthrEcBH9wb,06,02,2019,Wednesday,04,294,1,[],False,,False
646,Btcum5unQ7S,04,02,2019,Monday,05,300,7,[],False,,False
647,BtZ8lpnn8Fr,03,02,2019,Sunday,03,292,0,['kavignanjoshua'],False,,False
648,BtUrGiCHrp1,01,02,2019,Friday,02,304,3,[],False,,False
649,BtQaXAxnktd,30,01,2019,Wednesday,11,220,4,[],False,,False
650,BtM4WgBHwYC,29,01,2019,Tuesday,02,252,13,[],False,,False
651,BtFTnNeHW1T,26,01,2019,Saturday,03,251,6,[],False,,False
652,BtBEM-LHmfo,24,01,2019,Thursday,12,307,5,[],False,,False
653,BtAneQhnMZh,24,01,2019,Thursday,07,272,1,[],False,,False
654,Bs4RpI9HqWC,21,01,2019,Monday,02,254,8,[],False,,False
655,Bsve_wIn2Ur,17,01,2019,Thursday,16,400,30,['10yearchallenge'],False,,False
656,BskVmWNHuju,13,01,2019,Sunday,08,233,4,[],False,,False
657,BsIrsU8nq2x,02,01,2019,Wednesday,14,235,6,['vayilenallavanthereum'],False,,False
658,Br_0BwwHN4m,30,12,2018,Sunday,03,245,8,[],False,,False
659,Br1e-v4nMrF,26,12,2018,Wednesday,03,291,6,[],False,,False
660,BrxQ5nwnOV1,24,12,2018,Monday,12,294,4,[],False,,False
661,BrSnpevH91Y,12,12,2018,Wednesday,14,277,1,[],False,,False
662,Bq344AAnuoc,02,12,2018,Sunday,05,262,3,[],False,,False
663,BqjPY7mnjdl,24,11,2018,Saturday,05,177,2,[],False,,False
664,Bp8XJHLHp1y,09,11,2018,Friday,02,149,6,[],False,,False
665,BnIWwceH2aT,31,08,2018,Friday,04,221,2,[],False,,False
666,Bm_KrIzHYj9,27,08,2018,Monday,15,131,1,[],False,,False
667,Bm7f_slHlqS,26,08,2018,Sunday,05,152,5,[],False,,False
668,BmQkG3fnGVF,09,08,2018,Thursday,12,134,3,[],False,,False
669,Blj27tynt62,23,07,2018,Monday,04,171,7,[],False,,False
670,BlfDzlvnyLv,21,07,2018,Saturday,07,114,1,[],False,,False
671,BleaeOCnYCb,21,07,2018,Saturday,01,152,4,"['intigraduation', 'uhhlgraduation', 'intifamgraduation']",False,,False
672,Bk2gjY7nZPG,05,07,2018,Thursday,13,129,0,[],False,,False
673,Bk2UOPtHeVG,05,07,2018,Thursday,11,108,0,"['iloveyall', 'ikidikid']",False,,False
674,BkpWuV0nJ1q,30,06,2018,Saturday,10,109,0,[],False,,False
675,BkEnSwonYzI,16,06,2018,Saturday,04,99,0,[],False,,False
676,Bj6f8YlHYwe,12,06,2018,Tuesday,06,91,2,[],False,,False
677,Bjrt1qon6rs,06,06,2018,Wednesday,12,100,4,[],False,,False
678,BjjkoDwHcy3,03,06,2018,Sunday,08,102,13,[],False,,False
679,Bi_mde4nHZj,20,05,2018,Sunday,09,145,6,[],False,,False
680,Bit1QM-HcFn,13,05,2018,Sunday,11,239,1,[],False,,False
681,Bhu8C2xnjyl,19,04,2018,Thursday,01,112,8,[],False,,False
682,BhVnHDQHyOI,09,04,2018,Monday,05,110,3,[],False,,False
683,Bguvr-wFsgw,25,03,2018,Sunday,03,105,0,[],False,,False
684,Bgn_sQnl6oX,22,03,2018,Thursday,12,78,1,[],False,,False
685,BgGSTRBgHdu,09,03,2018,Friday,09,83,0,['belikejoshua'],False,,False
686,BgAlqTegGx7,07,03,2018,Wednesday,04,93,0,"['goat', 'greatestofalltime', 'fifa']",False,,False
687,BfvYm_dlGZt,28,02,2018,Wednesday,12,72,0,[],False,,False
688,BfSJrAgFldY,17,02,2018,Saturday,04,100,8,[],True,34.9,False
689,BfNTOBxFZpH,15,02,2018,Thursday,06,105,2,[],False,,False
690,BfGO_x6lfjL,12,02,2018,Monday,12,92,1,[],False,,False
691,BezD1EKFkzC,05,02,2018,Monday,02,90,1,[],False,,False
692,BewkbafljQm,04,02,2018,Sunday,02,78,0,[],False,,False
693,BeiBr2iFLkr,29,01,2018,Monday,11,92,0,[],False,,False
694,BeW_2gzl6iM,25,01,2018,Thursday,04,80,4,[],False,,False
695,BdxUUJclDtX,10,01,2018,Wednesday,13,102,2,['illayaraja'],True,60.0,False
696,BdnPO_MlUfS,06,01,2018,Saturday,15,78,0,"['evolveworldtour', 'imaginedragon']",False,,False
697,BdjljQeFJqZ,05,01,2018,Friday,05,100,2,[],False,,False
698,BdcWqwxlqMM,02,01,2018,Tuesday,10,114,8,[],False,,False
699,BdOp7qtlbtf,28,12,2017,Thursday,02,102,1,[],False,,False
700,BdFODQZlk9b,24,12,2017,Sunday,10,159,4,[],False,,False
701,BdCQRO4lgOH,23,12,2017,Saturday,06,105,1,[],False,,False
702,BcZCnqvlauw,07,12,2017,Thursday,06,86,0,[],False,,False
703,BcH-ZHvFAqG,30,11,2017,Thursday,15,81,0,[],False,,False
704,Bb8dJYtlcMb,26,11,2017,Sunday,04,108,6,[],False,,False
705,Bb61VogFh6P,25,11,2017,Saturday,13,112,1,"['edismycousin', 'imactuallyhalfwhite']",True,27.166,False
706,Bb5oxfoF_j2,25,11,2017,Saturday,01,77,0,[],False,,False
707,BbwqRXjF5RH,21,11,2017,Tuesday,14,84,2,[],True,59.966,False
708,BbtEDIPlP7q,20,11,2017,Monday,04,117,4,['throwback'],False,,False
709,Bbgc8CTl-HD,15,11,2017,Wednesday,07,72,0,"['tedxinti', 'intigraduation2017']",False,,False
710,Bbf4GpNF-GS,15,11,2017,Wednesday,01,99,1,['intigraduation2017'],False,,False
711,BbXKvP_lpR0,11,11,2017,Saturday,16,74,0,[],False,,False
712,BbUSS0NlWpB,10,11,2017,Friday,13,65,0,['burningletter'],False,,False
713,BbTXzy4lUSs,10,11,2017,Friday,05,67,0,[],False,,False
714,BbJGxqVF5WO,06,11,2017,Monday,05,92,2,[],False,,False
715,BbFH2MulAI4,04,11,2017,Saturday,16,60,0,[],False,,False
716,BbEuyONF0Gx,04,11,2017,Saturday,12,88,1,[],False,,False
717,BbEhFEgFnH9,04,11,2017,Saturday,10,62,0,['burningletters'],False,,False
718,Ba5Sv-GllGU,31,10,2017,Tuesday,02,72,7,['spotifydigitalday'],False,,False
719,Ba34mCpFNKQ,30,10,2017,Monday,13,87,0,"['ps4forjoshua', 'let']",False,,False
720,Ba1KAR1lUJc,29,10,2017,Sunday,11,83,2,[],False,,False
721,BaqwLHPlMDg,25,10,2017,Wednesday,10,97,0,[],False,,False
722,Bajc_VqFR6G,22,10,2017,Sunday,14,67,0,[],False,,False
723,BafnLpVlDWe,21,10,2017,Saturday,02,85,3,[],False,,False
724,BaeNXKbFnE3,20,10,2017,Friday,13,106,0,[],False,,False
725,Baaw-fXFLfw,19,10,2017,Thursday,05,70,0,[],False,,False
726,BaQQW4flFok,15,10,2017,Sunday,03,87,1,[],False,,False
727,BaPE2trF0NM,14,10,2017,Saturday,16,112,0,['ifieverhaveadaughter'],False,,False
728,BaLjbXjhbmB,13,10,2017,Friday,07,127,3,[],True,5.633,False
729,BaLXu3Al6nw,13,10,2017,Friday,06,82,0,[],False,,False
730,BaLLBSKFTFA,13,10,2017,Friday,04,53,0,[],False,,False
731,BaJd-dalOde,12,10,2017,Thursday,12,67,2,[],False,,False
732,BaDVDXtF0CC,10,10,2017,Tuesday,03,80,1,[],False,,False
733,BZ724g9lzMy,07,10,2017,Saturday,05,110,2,[],False,,False
734,BZkT0felUIO,28,09,2017,Thursday,02,65,0,[],False,,False
735,BZi-MfMF5PV,27,09,2017,Wednesday,13,73,5,[],False,,False
736,BZUz3bWFI5h,22,09,2017,Friday,01,110,4,[],False,,False
737,BZQSFgoF5N1,20,09,2017,Wednesday,07,80,0,['burningletters'],False,,False
738,BY2R0MGFeLe,10,09,2017,Sunday,05,285,3,[],False,,False
739,BYhrVXHh_bT,02,09,2017,Saturday,05,689,4,[],False,,False
740,BYhrIp6heJ7,02,09,2017,Saturday,05,879,11,[],False,,False
741,BYIyc6cFIgP,23,08,2017,Wednesday,13,68,0,[],False,,False
742,BYAKP3xlP10,20,08,2017,Sunday,04,91,5,[],False,,False
743,BX5aK6Ol7U3,17,08,2017,Thursday,13,50,0,['burningletters'],False,,False
744,BX4gmKMlVxr,17,08,2017,Thursday,05,73,0,[],False,,False
745,BX2vlCNl3bd,16,08,2017,Wednesday,12,51,0,[],False,,False
746,BXsVMy4lBps,12,08,2017,Saturday,11,70,1,[],False,,False
747,BXaorS5l6Ft,05,08,2017,Saturday,14,81,1,"['goherts', 'intiuhgraduation']",False,,False
748,BW_0_N_l9JK,26,07,2017,Wednesday,05,73,0,[],False,,False
749,BW4C-Kil8k1,23,07,2017,Sunday,04,76,0,[],False,,False
750,BWwVGonF_yc,20,07,2017,Thursday,04,48,0,"['burningletters', 'burningletters']",False,,False
751,BWj1kmhlyBF,15,07,2017,Saturday,08,58,0,[],False,,False
752,BWT1QkUlod_,09,07,2017,Sunday,02,80,2,[],False,,False
753,BVzlwmEF1No,26,06,2017,Monday,14,41,0,['burningletters'],False,,False
754,BVv_gsLFa16,25,06,2017,Sunday,04,47,0,['burningletters'],False,,False
755,BVtSg-IlXz8,24,06,2017,Saturday,03,73,3,"['blessed', 'blessedblessed']",False,,False
756,BVd2vGxl8LZ,18,06,2017,Sunday,03,48,2,['burningletters'],False,,False
757,BVcTtIYFN4F,17,06,2017,Saturday,13,37,0,['burningletters'],False,,False
758,BVbzoAyFQxR,17,06,2017,Saturday,08,63,1,[],False,,False
759,BVO2s6GFZ8g,12,06,2017,Monday,08,76,0,[],False,,False
760,BVMsT2hlBzM,11,06,2017,Sunday,11,55,2,[],False,,False
761,BVHw15IlrRS,09,06,2017,Friday,13,59,1,[],False,,False
762,BVHGRCAlRtb,09,06,2017,Friday,07,95,0,[],False,,False
763,BU9WPn4FnGN,05,06,2017,Monday,12,82,0,"['weddingday', 'samwedsjaya', '3june2017']",False,,False
764,BU4rR6Flabg,03,06,2017,Saturday,17,75,0,"['samwedsjaya', 'weddingday', '3june2017']",False,,False
765,BUb4stWldo-,23,05,2017,Tuesday,12,83,2,[],False,,False
766,BUb4hu8FJ5K,23,05,2017,Tuesday,12,49,0,['burningletters'],False,,False
767,BUUSAE8FMs3,20,05,2017,Saturday,14,46,0,['burningletters'],False,,False
768,BURt_IAF3Ev,19,05,2017,Friday,14,125,1,['sisterinlaw'],False,,False
769,BUDlPkul-wi,14,05,2017,Sunday,02,296,4,[],False,,False
770,BUCPvVtlOVu,13,05,2017,Saturday,14,51,2,['burningletters'],False,,False
771,BUCB2UhFpoz,13,05,2017,Saturday,11,118,2,[],True,5.7,False
772,BT8uc_Ulr7u,11,05,2017,Thursday,10,102,1,['sunwasbrightlikemyfuture'],False,,False
773,BTjO5W7FptP,01,05,2017,Monday,12,51,0,['burningletters'],False,,False
774,BTfwnDDlAzo,30,04,2017,Sunday,04,129,0,[],False,,False
775,BTWUG1aFN11,26,04,2017,Wednesday,12,60,4,['burningletters'],False,,False
776,BTT0DXUFEt3,25,04,2017,Tuesday,13,51,0,['burningletters'],False,,False
777,BTQVmYgFuHl,24,04,2017,Monday,04,120,2,[],False,,False
778,BTNouIfFydl,23,04,2017,Sunday,03,79,3,[],False,,False
779,BTL8qtoFWgC,22,04,2017,Saturday,11,40,0,['burningletters'],False,,False
780,BTLWJhVFdKo,22,04,2017,Saturday,06,85,2,['okaysuckypun'],False,,False
781,BTEQ195FXDt,19,04,2017,Wednesday,12,66,2,['burningletters'],False,,False
782,BTDYRDqFq_B,19,04,2017,Wednesday,04,59,0,[],False,,False
783,BTB-fruF_Bm,18,04,2017,Tuesday,14,56,1,['burningletters'],False,,False
784,BS58NTulOy7,15,04,2017,Saturday,12,109,0,['followmeto'],False,,False
785,BS5T8dYFalr,15,04,2017,Saturday,06,86,3,['birthdayshirt'],False,,False
786,BS3rVlklFyO,14,04,2017,Friday,14,51,1,['burningletters'],False,,False
787,BS3SZQYhn6J,14,04,2017,Friday,11,103,8,[],True,12.245,False
788,BSptIDwFSbX,09,04,2017,Sunday,04,90,2,[],False,,False
789,BSpanmVlHlZ,09,04,2017,Sunday,02,70,0,[],False,,False
790,BSn64BcFKxA,08,04,2017,Saturday,12,43,0,['burningletters'],False,,False
791,BSnUIf6Fru7,08,04,2017,Saturday,06,77,0,[],False,,False
792,BSfWz2TlZA6,05,04,2017,Wednesday,04,49,3,"['intifresh', 'artbattlemy']",False,,False
793,BSYMcdzlvOv,02,04,2017,Sunday,09,114,0,[],False,,False
794,BSTs4FMlwLc,31,03,2017,Friday,15,52,1,"['burningletters', 'deardaughterseries']",False,,False
795,BSJV38DhUbf,27,03,2017,Monday,15,54,0,['burningletters'],False,,False
796,BSGrhQPBikw,26,03,2017,Sunday,14,58,5,['burningletters'],False,,False
797,BSDNb0tBE8w,25,03,2017,Saturday,05,40,2,[],False,,False
798,BR508ZEl-GW,21,03,2017,Tuesday,14,49,0,['burningletters'],False,,False
799,BR3URtFFGoP,20,03,2017,Monday,15,61,2,[],False,,False
800,BR2OEEHlQr6,20,03,2017,Monday,04,45,2,[],False,,False
